Program,Year,Period,Week Ending,Geo Level,State,State ANSI,Ag District,Ag District Code,County,County ANSI,Zip Code,Region,watershed_code,Watershed,Commodity,Data Item,Domain,Domain Category,Value,CV (%)
SURVEY,2019,YEAR,,NATIONAL,US TOTAL,,,,,,,,0,,CORN,CORN - ACRES PLANTED,TOTAL,NOT SPECIFIED,"91,700,000",
SURVEY,2019,YEAR,,NATIONAL,US TOTAL,,,,,,,,0,,CORN,"CORN, GRAIN - ACRES HARVESTED",TOTAL,NOT SPECIFIED,"83,595,000",
SURVEY,2018,YEAR,,NATIONAL,US TOTAL,,,,,,,,0,,CORN,CORN - ACRES PLANTED,TOTAL,NOT SPECIFIED,"89,129,000",
SURVEY,2018,YEAR,,NATIONAL,US TOTAL,,,,,,,,0,,CORN,"CORN, GRAIN - ACRES HARVESTED",TOTAL,NOT SPECIFIED,"81,740,000",
SURVEY,2018,YEAR,,NATIONAL,US TOTAL,,,,,,,,0,,CORN,"CORN, GRAIN - PRODUCTION, MEASURED IN BU",TOTAL,NOT SPECIFIED,"14,420,101,000",
SURVEY,2018,YEAR,,NATIONAL,US TOTAL,,,,,,,,0,,CORN,"CORN, GRAIN - YIELD, MEASURED IN BU / ACRE",TOTAL,NOT SPECIFIED,176.4,
SURVEY,2018,YEAR,,NATIONAL,US TOTAL,,,,,,,,0,,CORN,"CORN, SILAGE - ACRES HARVESTED",TOTAL,NOT SPECIFIED,"6,113,000",
SURVEY,2018,YEAR,,NATIONAL,US TOTAL,,,,,,,,0,,CORN,"CORN, SILAGE - PRODUCTION, MEASURED IN TONS",TOTAL,NOT SPECIFIED,"121,361,000",
SURVEY,2018,YEAR,,NATIONAL,US TOTAL,,,,,,,,0,,CORN,"CORN, SILAGE - YIELD, MEASURED IN TONS / ACRE",TOTAL,NOT SPECIFIED,19.9,
SURVEY,2017,YEAR,,NATIONAL,US TOTAL,,,,,,,,0,,CORN,CORN - ACRES PLANTED,TOTAL,NOT SPECIFIED,"90,167,000",
SURVEY,2017,YEAR,,NATIONAL,US TOTAL,,,,,,,,0,,CORN,"CORN, GRAIN - ACRES HARVESTED",TOTAL,NOT SPECIFIED,"82,733,000",
SURVEY,2017,YEAR,,NATIONAL,US TOTAL,,,,,,,,0,,CORN,"CORN, GRAIN - PRODUCTION, MEASURED IN BU",TOTAL,NOT SPECIFIED,"14,609,407,000",
SURVEY,2017,YEAR,,NATIONAL,US TOTAL,,,,,,,,0,,CORN,"CORN, GRAIN - YIELD, MEASURED IN BU / ACRE",TOTAL,NOT SPECIFIED,176.6,
SURVEY,2017,YEAR,,NATIONAL,US TOTAL,,,,,,,,0,,CORN,"CORN, SILAGE - ACRES HARVESTED",TOTAL,NOT SPECIFIED,"6,385,000",
SURVEY,2017,YEAR,,NATIONAL,US TOTAL,,,,,,,,0,,CORN,"CORN, SILAGE - PRODUCTION, MEASURED IN TONS",TOTAL,NOT SPECIFIED,"127,434,000",
SURVEY,2017,YEAR,,NATIONAL,US TOTAL,,,,,,,,0,,CORN,"CORN, SILAGE - YIELD, MEASURED IN TONS / ACRE",TOTAL,NOT SPECIFIED,20,
SURVEY,2016,YEAR,,NATIONAL,US TOTAL,,,,,,,,0,,CORN,CORN - ACRES PLANTED,TOTAL,NOT SPECIFIED,"94,004,000",
SURVEY,2016,YEAR,,NATIONAL,US TOTAL,,,,,,,,0,,CORN,"CORN, GRAIN - ACRES HARVESTED",TOTAL,NOT SPECIFIED,"86,748,000",
SURVEY,2016,YEAR,,NATIONAL,US TOTAL,,,,,,,,0,,CORN,"CORN, GRAIN - PRODUCTION, MEASURED IN BU",TOTAL,NOT SPECIFIED,"15,148,038,000",
SURVEY,2016,YEAR,,NATIONAL,US TOTAL,,,,,,,,0,,CORN,"CORN, GRAIN - YIELD, MEASURED IN BU / ACRE",TOTAL,NOT SPECIFIED,174.6,
SURVEY,2016,YEAR,,NATIONAL,US TOTAL,,,,,,,,0,,CORN,"CORN, SILAGE - ACRES HARVESTED",TOTAL,NOT SPECIFIED,"6,206,000",
SURVEY,2016,YEAR,,NATIONAL,US TOTAL,,,,,,,,0,,CORN,"CORN, SILAGE - PRODUCTION, MEASURED IN TONS",TOTAL,NOT SPECIFIED,"126,020,000",
SURVEY,2016,YEAR,,NATIONAL,US TOTAL,,,,,,,,0,,CORN,"CORN, SILAGE - YIELD, MEASURED IN TONS / ACRE",TOTAL,NOT SPECIFIED,20.3,
SURVEY,2015,YEAR,,NATIONAL,US TOTAL,,,,,,,,0,,CORN,CORN - ACRES PLANTED,TOTAL,NOT SPECIFIED,"88,019,000",
SURVEY,2015,YEAR,,NATIONAL,US TOTAL,,,,,,,,0,,CORN,"CORN, GRAIN - ACRES HARVESTED",TOTAL,NOT SPECIFIED,"80,753,000",
SURVEY,2015,YEAR,,NATIONAL,US TOTAL,,,,,,,,0,,CORN,"CORN, GRAIN - PRODUCTION, MEASURED IN BU",TOTAL,NOT SPECIFIED,"13,601,964,000",
SURVEY,2015,YEAR,,NATIONAL,US TOTAL,,,,,,,,0,,CORN,"CORN, GRAIN - YIELD, MEASURED IN BU / ACRE",TOTAL,NOT SPECIFIED,168.4,
SURVEY,2015,YEAR,,NATIONAL,US TOTAL,,,,,,,,0,,CORN,"CORN, SILAGE - ACRES HARVESTED",TOTAL,NOT SPECIFIED,"6,237,000",
SURVEY,2015,YEAR,,NATIONAL,US TOTAL,,,,,,,,0,,CORN,"CORN, SILAGE - PRODUCTION, MEASURED IN TONS",TOTAL,NOT SPECIFIED,"127,311,000",
SURVEY,2015,YEAR,,NATIONAL,US TOTAL,,,,,,,,0,,CORN,"CORN, SILAGE - YIELD, MEASURED IN TONS / ACRE",TOTAL,NOT SPECIFIED,20.4,
SURVEY,2014,YEAR,,NATIONAL,US TOTAL,,,,,,,,0,,CORN,CORN - ACRES PLANTED,TOTAL,NOT SPECIFIED,"90,597,000",
SURVEY,2014,YEAR,,NATIONAL,US TOTAL,,,,,,,,0,,CORN,"CORN, GRAIN - ACRES HARVESTED",TOTAL,NOT SPECIFIED,"83,146,000",
SURVEY,2014,YEAR,,NATIONAL,US TOTAL,,,,,,,,0,,CORN,"CORN, GRAIN - PRODUCTION, MEASURED IN BU",TOTAL,NOT SPECIFIED,"14,217,292,000",
SURVEY,2014,YEAR,,NATIONAL,US TOTAL,,,,,,,,0,,CORN,"CORN, GRAIN - YIELD, MEASURED IN BU / ACRE",TOTAL,NOT SPECIFIED,171,
SURVEY,2014,YEAR,,NATIONAL,US TOTAL,,,,,,,,0,,CORN,"CORN, SILAGE - ACRES HARVESTED",TOTAL,NOT SPECIFIED,"6,361,000",
SURVEY,2014,YEAR,,NATIONAL,US TOTAL,,,,,,,,0,,CORN,"CORN, SILAGE - PRODUCTION, MEASURED IN TONS",TOTAL,NOT SPECIFIED,"127,843,000",
SURVEY,2014,YEAR,,NATIONAL,US TOTAL,,,,,,,,0,,CORN,"CORN, SILAGE - YIELD, MEASURED IN TONS / ACRE",TOTAL,NOT SPECIFIED,20.1,
SURVEY,2013,YEAR,,NATIONAL,US TOTAL,,,,,,,,0,,CORN,CORN - ACRES PLANTED,TOTAL,NOT SPECIFIED,"95,365,000",
SURVEY,2013,YEAR,,NATIONAL,US TOTAL,,,,,,,,0,,CORN,"CORN, GRAIN - ACRES HARVESTED",TOTAL,NOT SPECIFIED,"87,461,000",
SURVEY,2013,YEAR,,NATIONAL,US TOTAL,,,,,,,,0,,CORN,"CORN, GRAIN - PRODUCTION, MEASURED IN BU",TOTAL,NOT SPECIFIED,"13,830,704,000",
SURVEY,2013,YEAR,,NATIONAL,US TOTAL,,,,,,,,0,,CORN,"CORN, GRAIN - YIELD, MEASURED IN BU / ACRE",TOTAL,NOT SPECIFIED,158.1,
SURVEY,2013,YEAR,,NATIONAL,US TOTAL,,,,,,,,0,,CORN,"CORN, SILAGE - ACRES HARVESTED",TOTAL,NOT SPECIFIED,"6,271,000",
SURVEY,2013,YEAR,,NATIONAL,US TOTAL,,,,,,,,0,,CORN,"CORN, SILAGE - PRODUCTION, MEASURED IN TONS",TOTAL,NOT SPECIFIED,"118,101,000",
SURVEY,2013,YEAR,,NATIONAL,US TOTAL,,,,,,,,0,,CORN,"CORN, SILAGE - YIELD, MEASURED IN TONS / ACRE",TOTAL,NOT SPECIFIED,18.8,
SURVEY,2012,YEAR,,NATIONAL,US TOTAL,,,,,,,,0,,CORN,CORN - ACRES PLANTED,TOTAL,NOT SPECIFIED,"97,291,000",
SURVEY,2012,YEAR,,NATIONAL,US TOTAL,,,,,,,,0,,CORN,"CORN, GRAIN - ACRES HARVESTED",TOTAL,NOT SPECIFIED,"87,365,000",
SURVEY,2012,YEAR,,NATIONAL,US TOTAL,,,,,,,,0,,CORN,"CORN, GRAIN - PRODUCTION, MEASURED IN BU",TOTAL,NOT SPECIFIED,"10,755,111,000",
SURVEY,2012,YEAR,,NATIONAL,US TOTAL,,,,,,,,0,,CORN,"CORN, GRAIN - YIELD, MEASURED IN BU / ACRE",TOTAL,NOT SPECIFIED,123.1,
SURVEY,2012,YEAR,,NATIONAL,US TOTAL,,,,,,,,0,,CORN,"CORN, SILAGE - ACRES HARVESTED",TOTAL,NOT SPECIFIED,"7,419,000",
SURVEY,2012,YEAR,,NATIONAL,US TOTAL,,,,,,,,0,,CORN,"CORN, SILAGE - PRODUCTION, MEASURED IN TONS",TOTAL,NOT SPECIFIED,"116,148,000",
SURVEY,2012,YEAR,,NATIONAL,US TOTAL,,,,,,,,0,,CORN,"CORN, SILAGE - YIELD, MEASURED IN TONS / ACRE",TOTAL,NOT SPECIFIED,15.7,
SURVEY,2011,YEAR,,NATIONAL,US TOTAL,,,,,,,,0,,CORN,CORN - ACRES PLANTED,TOTAL,NOT SPECIFIED,"91,936,000",
SURVEY,2011,YEAR,,NATIONAL,US TOTAL,,,,,,,,0,,CORN,"CORN, GRAIN - ACRES HARVESTED",TOTAL,NOT SPECIFIED,"83,879,000",
SURVEY,2011,YEAR,,NATIONAL,US TOTAL,,,,,,,,0,,CORN,"CORN, GRAIN - PRODUCTION, MEASURED IN BU",TOTAL,NOT SPECIFIED,"12,313,956,000",
SURVEY,2011,YEAR,,NATIONAL,US TOTAL,,,,,,,,0,,CORN,"CORN, GRAIN - YIELD, MEASURED IN BU / ACRE",TOTAL,NOT SPECIFIED,146.8,
SURVEY,2011,YEAR,,NATIONAL,US TOTAL,,,,,,,,0,,CORN,"CORN, SILAGE - ACRES HARVESTED",TOTAL,NOT SPECIFIED,"5,935,000",
SURVEY,2011,YEAR,,NATIONAL,US TOTAL,,,,,,,,0,,CORN,"CORN, SILAGE - PRODUCTION, MEASURED IN TONS",TOTAL,NOT SPECIFIED,"109,091,000",
SURVEY,2011,YEAR,,NATIONAL,US TOTAL,,,,,,,,0,,CORN,"CORN, SILAGE - YIELD, MEASURED IN TONS / ACRE",TOTAL,NOT SPECIFIED,18.4,
SURVEY,2010,YEAR,,NATIONAL,US TOTAL,,,,,,,,0,,CORN,CORN - ACRES PLANTED,TOTAL,NOT SPECIFIED,"88,192,000",
SURVEY,2010,YEAR,,NATIONAL,US TOTAL,,,,,,,,0,,CORN,"CORN, GRAIN - ACRES HARVESTED",TOTAL,NOT SPECIFIED,"81,446,000",
SURVEY,2010,YEAR,,NATIONAL,US TOTAL,,,,,,,,0,,CORN,"CORN, GRAIN - PRODUCTION, MEASURED IN BU",TOTAL,NOT SPECIFIED,"12,425,330,000",
SURVEY,2010,YEAR,,NATIONAL,US TOTAL,,,,,,,,0,,CORN,"CORN, GRAIN - YIELD, MEASURED IN BU / ACRE",TOTAL,NOT SPECIFIED,152.6,
SURVEY,2010,YEAR,,NATIONAL,US TOTAL,,,,,,,,0,,CORN,"CORN, SILAGE - ACRES HARVESTED",TOTAL,NOT SPECIFIED,"5,567,000",
SURVEY,2010,YEAR,,NATIONAL,US TOTAL,,,,,,,,0,,CORN,"CORN, SILAGE - PRODUCTION, MEASURED IN TONS",TOTAL,NOT SPECIFIED,"107,314,000",
SURVEY,2010,YEAR,,NATIONAL,US TOTAL,,,,,,,,0,,CORN,"CORN, SILAGE - YIELD, MEASURED IN TONS / ACRE",TOTAL,NOT SPECIFIED,19.3,
SURVEY,2009,YEAR,,NATIONAL,US TOTAL,,,,,,,,0,,CORN,CORN - ACRES PLANTED,TOTAL,NOT SPECIFIED,"86,382,000",
SURVEY,2009,YEAR,,NATIONAL,US TOTAL,,,,,,,,0,,CORN,"CORN, GRAIN - ACRES HARVESTED",TOTAL,NOT SPECIFIED,"79,490,000",
SURVEY,2009,YEAR,,NATIONAL,US TOTAL,,,,,,,,0,,CORN,"CORN, GRAIN - PRODUCTION, MEASURED IN BU",TOTAL,NOT SPECIFIED,"13,067,156,000",
SURVEY,2009,YEAR,,NATIONAL,US TOTAL,,,,,,,,0,,CORN,"CORN, GRAIN - YIELD, MEASURED IN BU / ACRE",TOTAL,NOT SPECIFIED,164.4,
SURVEY,2009,YEAR,,NATIONAL,US TOTAL,,,,,,,,0,,CORN,"CORN, SILAGE - ACRES HARVESTED",TOTAL,NOT SPECIFIED,"5,605,000",
SURVEY,2009,YEAR,,NATIONAL,US TOTAL,,,,,,,,0,,CORN,"CORN, SILAGE - PRODUCTION, MEASURED IN TONS",TOTAL,NOT SPECIFIED,"108,221,000",
SURVEY,2009,YEAR,,NATIONAL,US TOTAL,,,,,,,,0,,CORN,"CORN, SILAGE - YIELD, MEASURED IN TONS / ACRE",TOTAL,NOT SPECIFIED,19.3,
SURVEY,2008,YEAR,,NATIONAL,US TOTAL,,,,,,,,0,,CORN,CORN - ACRES PLANTED,TOTAL,NOT SPECIFIED,"85,982,000",
SURVEY,2008,YEAR,,NATIONAL,US TOTAL,,,,,,,,0,,CORN,"CORN, GRAIN - ACRES HARVESTED",TOTAL,NOT SPECIFIED,"78,570,000",
SURVEY,2008,YEAR,,NATIONAL,US TOTAL,,,,,,,,0,,CORN,"CORN, GRAIN - PRODUCTION, MEASURED IN BU",TOTAL,NOT SPECIFIED,"12,043,203,000",
SURVEY,2008,YEAR,,NATIONAL,US TOTAL,,,,,,,,0,,CORN,"CORN, GRAIN - YIELD, MEASURED IN BU / ACRE",TOTAL,NOT SPECIFIED,153.3,
SURVEY,2008,YEAR,,NATIONAL,US TOTAL,,,,,,,,0,,CORN,"CORN, SILAGE - ACRES HARVESTED",TOTAL,NOT SPECIFIED,"5,971,000",
SURVEY,2008,YEAR,,NATIONAL,US TOTAL,,,,,,,,0,,CORN,"CORN, SILAGE - PRODUCTION, MEASURED IN TONS",TOTAL,NOT SPECIFIED,"111,792,000",
SURVEY,2008,YEAR,,NATIONAL,US TOTAL,,,,,,,,0,,CORN,"CORN, SILAGE - YIELD, MEASURED IN TONS / ACRE",TOTAL,NOT SPECIFIED,18.7,
SURVEY,2007,YEAR,,NATIONAL,US TOTAL,,,,,,,,0,,CORN,CORN - ACRES PLANTED,TOTAL,NOT SPECIFIED,"93,527,000",
SURVEY,2007,YEAR,,NATIONAL,US TOTAL,,,,,,,,0,,CORN,"CORN, GRAIN - ACRES HARVESTED",TOTAL,NOT SPECIFIED,"86,520,000",
SURVEY,2007,YEAR,,NATIONAL,US TOTAL,,,,,,,,0,,CORN,"CORN, GRAIN - PRODUCTION, MEASURED IN BU",TOTAL,NOT SPECIFIED,"13,037,875,000",
SURVEY,2007,YEAR,,NATIONAL,US TOTAL,,,,,,,,0,,CORN,"CORN, GRAIN - YIELD, MEASURED IN BU / ACRE",TOTAL,NOT SPECIFIED,150.7,
SURVEY,2007,YEAR,,NATIONAL,US TOTAL,,,,,,,,0,,CORN,"CORN, SILAGE - ACRES HARVESTED",TOTAL,NOT SPECIFIED,"6,060,000",
SURVEY,2007,YEAR,,NATIONAL,US TOTAL,,,,,,,,0,,CORN,"CORN, SILAGE - PRODUCTION, MEASURED IN TONS",TOTAL,NOT SPECIFIED,"106,229,000",
SURVEY,2007,YEAR,,NATIONAL,US TOTAL,,,,,,,,0,,CORN,"CORN, SILAGE - YIELD, MEASURED IN TONS / ACRE",TOTAL,NOT SPECIFIED,17.5,
SURVEY,2006,YEAR,,NATIONAL,US TOTAL,,,,,,,,0,,CORN,CORN - ACRES PLANTED,TOTAL,NOT SPECIFIED,"78,327,000",
SURVEY,2006,YEAR,,NATIONAL,US TOTAL,,,,,,,,0,,CORN,"CORN, GRAIN - ACRES HARVESTED",TOTAL,NOT SPECIFIED,"70,638,000",
SURVEY,2006,YEAR,,NATIONAL,US TOTAL,,,,,,,,0,,CORN,"CORN, GRAIN - PRODUCTION, MEASURED IN BU",TOTAL,NOT SPECIFIED,"10,531,123,000",
SURVEY,2006,YEAR,,NATIONAL,US TOTAL,,,,,,,,0,,CORN,"CORN, GRAIN - YIELD, MEASURED IN BU / ACRE",TOTAL,NOT SPECIFIED,149.1,
SURVEY,2006,YEAR,,NATIONAL,US TOTAL,,,,,,,,0,,CORN,"CORN, SILAGE - ACRES HARVESTED",TOTAL,NOT SPECIFIED,"6,487,000",
SURVEY,2006,YEAR,,NATIONAL,US TOTAL,,,,,,,,0,,CORN,"CORN, SILAGE - PRODUCTION, MEASURED IN TONS",TOTAL,NOT SPECIFIED,"105,294,000",
SURVEY,2006,YEAR,,NATIONAL,US TOTAL,,,,,,,,0,,CORN,"CORN, SILAGE - YIELD, MEASURED IN TONS / ACRE",TOTAL,NOT SPECIFIED,16.2,
SURVEY,2005,YEAR,,NATIONAL,US TOTAL,,,,,,,,0,,CORN,CORN - ACRES PLANTED,TOTAL,NOT SPECIFIED,"81,779,000",
SURVEY,2005,YEAR,,NATIONAL,US TOTAL,,,,,,,,0,,CORN,"CORN, GRAIN - ACRES HARVESTED",TOTAL,NOT SPECIFIED,"75,117,000",
SURVEY,2005,YEAR,,NATIONAL,US TOTAL,,,,,,,,0,,CORN,"CORN, GRAIN - PRODUCTION, MEASURED IN BU",TOTAL,NOT SPECIFIED,"11,112,187,000",
SURVEY,2005,YEAR,,NATIONAL,US TOTAL,,,,,,,,0,,CORN,"CORN, GRAIN - YIELD, MEASURED IN BU / ACRE",TOTAL,NOT SPECIFIED,147.9,
SURVEY,2005,YEAR,,NATIONAL,US TOTAL,,,,,,,,0,,CORN,"CORN, SILAGE - ACRES HARVESTED",TOTAL,NOT SPECIFIED,"5,930,000",
SURVEY,2005,YEAR,,NATIONAL,US TOTAL,,,,,,,,0,,CORN,"CORN, SILAGE - PRODUCTION, MEASURED IN TONS",TOTAL,NOT SPECIFIED,"106,486,000",
SURVEY,2005,YEAR,,NATIONAL,US TOTAL,,,,,,,,0,,CORN,"CORN, SILAGE - YIELD, MEASURED IN TONS / ACRE",TOTAL,NOT SPECIFIED,18,
SURVEY,2004,YEAR,,NATIONAL,US TOTAL,,,,,,,,0,,CORN,CORN - ACRES PLANTED,TOTAL,NOT SPECIFIED,"80,929,000",
SURVEY,2004,YEAR,,NATIONAL,US TOTAL,,,,,,,,0,,CORN,"CORN, GRAIN - ACRES HARVESTED",TOTAL,NOT SPECIFIED,"73,631,000",
SURVEY,2004,YEAR,,NATIONAL,US TOTAL,,,,,,,,0,,CORN,"CORN, GRAIN - PRODUCTION, MEASURED IN BU",TOTAL,NOT SPECIFIED,"11,805,581,000",
SURVEY,2004,YEAR,,NATIONAL,US TOTAL,,,,,,,,0,,CORN,"CORN, GRAIN - YIELD, MEASURED IN BU / ACRE",TOTAL,NOT SPECIFIED,160.3,
SURVEY,2004,YEAR,,NATIONAL,US TOTAL,,,,,,,,0,,CORN,"CORN, SILAGE - ACRES HARVESTED",TOTAL,NOT SPECIFIED,"6,101,000",
SURVEY,2004,YEAR,,NATIONAL,US TOTAL,,,,,,,,0,,CORN,"CORN, SILAGE - PRODUCTION, MEASURED IN TONS",TOTAL,NOT SPECIFIED,"107,293,000",
SURVEY,2004,YEAR,,NATIONAL,US TOTAL,,,,,,,,0,,CORN,"CORN, SILAGE - YIELD, MEASURED IN TONS / ACRE",TOTAL,NOT SPECIFIED,17.6,
SURVEY,2003,YEAR,,NATIONAL,US TOTAL,,,,,,,,0,,CORN,CORN - ACRES PLANTED,TOTAL,NOT SPECIFIED,"78,603,000",
SURVEY,2003,YEAR,,NATIONAL,US TOTAL,,,,,,,,0,,CORN,"CORN, GRAIN - ACRES HARVESTED",TOTAL,NOT SPECIFIED,"70,944,000",
SURVEY,2003,YEAR,,NATIONAL,US TOTAL,,,,,,,,0,,CORN,"CORN, GRAIN - PRODUCTION, MEASURED IN BU",TOTAL,NOT SPECIFIED,"10,087,292,000",
SURVEY,2003,YEAR,,NATIONAL,US TOTAL,,,,,,,,0,,CORN,"CORN, GRAIN - YIELD, MEASURED IN BU / ACRE",TOTAL,NOT SPECIFIED,142.2,
SURVEY,2003,YEAR,,NATIONAL,US TOTAL,,,,,,,,0,,CORN,"CORN, SILAGE - ACRES HARVESTED",TOTAL,NOT SPECIFIED,"6,583,000",
SURVEY,2003,YEAR,,NATIONAL,US TOTAL,,,,,,,,0,,CORN,"CORN, SILAGE - PRODUCTION, MEASURED IN TONS",TOTAL,NOT SPECIFIED,"107,378,000",
SURVEY,2003,YEAR,,NATIONAL,US TOTAL,,,,,,,,0,,CORN,"CORN, SILAGE - YIELD, MEASURED IN TONS / ACRE",TOTAL,NOT SPECIFIED,16.3,
SURVEY,2002,YEAR,,NATIONAL,US TOTAL,,,,,,,,0,,CORN,CORN - ACRES PLANTED,TOTAL,NOT SPECIFIED,"78,894,000",
SURVEY,2002,YEAR,,NATIONAL,US TOTAL,,,,,,,,0,,CORN,"CORN, GRAIN - ACRES HARVESTED",TOTAL,NOT SPECIFIED,"69,330,000",
SURVEY,2002,YEAR,,NATIONAL,US TOTAL,,,,,,,,0,,CORN,"CORN, GRAIN - PRODUCTION, MEASURED IN BU",TOTAL,NOT SPECIFIED,"8,966,787,000",
SURVEY,2002,YEAR,,NATIONAL,US TOTAL,,,,,,,,0,,CORN,"CORN, GRAIN - YIELD, MEASURED IN BU / ACRE",TOTAL,NOT SPECIFIED,129.3,
SURVEY,2002,YEAR,,NATIONAL,US TOTAL,,,,,,,,0,,CORN,"CORN, SILAGE - ACRES HARVESTED",TOTAL,NOT SPECIFIED,"7,122,000",
SURVEY,2002,YEAR,,NATIONAL,US TOTAL,,,,,,,,0,,CORN,"CORN, SILAGE - PRODUCTION, MEASURED IN TONS",TOTAL,NOT SPECIFIED,"102,293,000",
SURVEY,2002,YEAR,,NATIONAL,US TOTAL,,,,,,,,0,,CORN,"CORN, SILAGE - YIELD, MEASURED IN TONS / ACRE",TOTAL,NOT SPECIFIED,14.4,
SURVEY,2001,YEAR,,NATIONAL,US TOTAL,,,,,,,,0,,CORN,CORN - ACRES PLANTED,TOTAL,NOT SPECIFIED,"75,702,000",
SURVEY,2001,YEAR,,NATIONAL,US TOTAL,,,,,,,,0,,CORN,"CORN, GRAIN - ACRES HARVESTED",TOTAL,NOT SPECIFIED,"68,768,000",
SURVEY,2001,YEAR,,NATIONAL,US TOTAL,,,,,,,,0,,CORN,"CORN, GRAIN - PRODUCTION, MEASURED IN BU",TOTAL,NOT SPECIFIED,"9,502,580,000",
SURVEY,2001,YEAR,,NATIONAL,US TOTAL,,,,,,,,0,,CORN,"CORN, GRAIN - YIELD, MEASURED IN BU / ACRE",TOTAL,NOT SPECIFIED,138.2,
SURVEY,2001,YEAR,,NATIONAL,US TOTAL,,,,,,,,0,,CORN,"CORN, SILAGE - ACRES HARVESTED",TOTAL,NOT SPECIFIED,"6,142,000",
SURVEY,2001,YEAR,,NATIONAL,US TOTAL,,,,,,,,0,,CORN,"CORN, SILAGE - PRODUCTION, MEASURED IN TONS",TOTAL,NOT SPECIFIED,"101,992,000",
SURVEY,2001,YEAR,,NATIONAL,US TOTAL,,,,,,,,0,,CORN,"CORN, SILAGE - YIELD, MEASURED IN TONS / ACRE",TOTAL,NOT SPECIFIED,16.6,
SURVEY,2000,YEAR,,NATIONAL,US TOTAL,,,,,,,,0,,CORN,CORN - ACRES PLANTED,TOTAL,NOT SPECIFIED,"79,551,000",
SURVEY,2000,YEAR,,NATIONAL,US TOTAL,,,,,,,,0,,CORN,"CORN, GRAIN - ACRES HARVESTED",TOTAL,NOT SPECIFIED,"72,440,000",
SURVEY,2000,YEAR,,NATIONAL,US TOTAL,,,,,,,,0,,CORN,"CORN, GRAIN - PRODUCTION, MEASURED IN BU",TOTAL,NOT SPECIFIED,"9,915,051,000",
SURVEY,2000,YEAR,,NATIONAL,US TOTAL,,,,,,,,0,,CORN,"CORN, GRAIN - YIELD, MEASURED IN BU / ACRE",TOTAL,NOT SPECIFIED,136.9,
SURVEY,2000,YEAR,,NATIONAL,US TOTAL,,,,,,,,0,,CORN,"CORN, SILAGE - ACRES HARVESTED",TOTAL,NOT SPECIFIED,"6,082,000",
SURVEY,2000,YEAR,,NATIONAL,US TOTAL,,,,,,,,0,,CORN,"CORN, SILAGE - PRODUCTION, MEASURED IN TONS",TOTAL,NOT SPECIFIED,"102,156,000",
SURVEY,2000,YEAR,,NATIONAL,US TOTAL,,,,,,,,0,,CORN,"CORN, SILAGE - YIELD, MEASURED IN TONS / ACRE",TOTAL,NOT SPECIFIED,16.8,
SURVEY,1999,YEAR,,NATIONAL,US TOTAL,,,,,,,,0,,CORN,CORN - ACRES PLANTED,TOTAL,NOT SPECIFIED,"77,386,000",
SURVEY,1999,YEAR,,NATIONAL,US TOTAL,,,,,,,,0,,CORN,"CORN, GRAIN - ACRES HARVESTED",TOTAL,NOT SPECIFIED,"70,487,000",
SURVEY,1999,YEAR,,NATIONAL,US TOTAL,,,,,,,,0,,CORN,"CORN, GRAIN - PRODUCTION, MEASURED IN BU",TOTAL,NOT SPECIFIED,"9,430,612,000",
SURVEY,1999,YEAR,,NATIONAL,US TOTAL,,,,,,,,0,,CORN,"CORN, GRAIN - YIELD, MEASURED IN BU / ACRE",TOTAL,NOT SPECIFIED,133.8,
SURVEY,1999,YEAR,,NATIONAL,US TOTAL,,,,,,,,0,,CORN,"CORN, SILAGE - ACRES HARVESTED",TOTAL,NOT SPECIFIED,"6,037,000",
SURVEY,1999,YEAR,,NATIONAL,US TOTAL,,,,,,,,0,,CORN,"CORN, SILAGE - PRODUCTION, MEASURED IN TONS",TOTAL,NOT SPECIFIED,"95,633,000",
SURVEY,1999,YEAR,,NATIONAL,US TOTAL,,,,,,,,0,,CORN,"CORN, SILAGE - YIELD, MEASURED IN TONS / ACRE",TOTAL,NOT SPECIFIED,15.8,
SURVEY,1998,YEAR,,NATIONAL,US TOTAL,,,,,,,,0,,CORN,CORN - ACRES PLANTED,TOTAL,NOT SPECIFIED,"80,165,000",
SURVEY,1998,YEAR,,NATIONAL,US TOTAL,,,,,,,,0,,CORN,"CORN, GRAIN - ACRES HARVESTED",TOTAL,NOT SPECIFIED,"72,589,000",
SURVEY,1998,YEAR,,NATIONAL,US TOTAL,,,,,,,,0,,CORN,"CORN, GRAIN - PRODUCTION, MEASURED IN BU",TOTAL,NOT SPECIFIED,"9,758,685,000",
SURVEY,1998,YEAR,,NATIONAL,US TOTAL,,,,,,,,0,,CORN,"CORN, GRAIN - YIELD, MEASURED IN BU / ACRE",TOTAL,NOT SPECIFIED,134.4,
SURVEY,1998,YEAR,,NATIONAL,US TOTAL,,,,,,,,0,,CORN,"CORN, SILAGE - ACRES HARVESTED",TOTAL,NOT SPECIFIED,"5,913,000",
SURVEY,1998,YEAR,,NATIONAL,US TOTAL,,,,,,,,0,,CORN,"CORN, SILAGE - PRODUCTION, MEASURED IN TONS",TOTAL,NOT SPECIFIED,"95,479,000",
SURVEY,1998,YEAR,,NATIONAL,US TOTAL,,,,,,,,0,,CORN,"CORN, SILAGE - YIELD, MEASURED IN TONS / ACRE",TOTAL,NOT SPECIFIED,16.1,
SURVEY,1997,YEAR,,NATIONAL,US TOTAL,,,,,,,,0,,CORN,CORN - ACRES PLANTED,TOTAL,NOT SPECIFIED,"79,537,000",
SURVEY,1997,YEAR,,NATIONAL,US TOTAL,,,,,,,,0,,CORN,"CORN, GRAIN - ACRES HARVESTED",TOTAL,NOT SPECIFIED,"72,671,000",
SURVEY,1997,YEAR,,NATIONAL,US TOTAL,,,,,,,,0,,CORN,"CORN, GRAIN - PRODUCTION, MEASURED IN BU",TOTAL,NOT SPECIFIED,"9,206,832,000",
SURVEY,1997,YEAR,,NATIONAL,US TOTAL,,,,,,,,0,,CORN,"CORN, GRAIN - YIELD, MEASURED IN BU / ACRE",TOTAL,NOT SPECIFIED,126.7,
SURVEY,1997,YEAR,,NATIONAL,US TOTAL,,,,,,,,0,,CORN,"CORN, SILAGE - ACRES HARVESTED",TOTAL,NOT SPECIFIED,"6,054,000",
SURVEY,1997,YEAR,,NATIONAL,US TOTAL,,,,,,,,0,,CORN,"CORN, SILAGE - PRODUCTION, MEASURED IN TONS",TOTAL,NOT SPECIFIED,"97,192,000",
SURVEY,1997,YEAR,,NATIONAL,US TOTAL,,,,,,,,0,,CORN,"CORN, SILAGE - YIELD, MEASURED IN TONS / ACRE",TOTAL,NOT SPECIFIED,16.1,
SURVEY,1996,YEAR,,NATIONAL,US TOTAL,,,,,,,,0,,CORN,CORN - ACRES PLANTED,TOTAL,NOT SPECIFIED,"79,229,000",
SURVEY,1996,YEAR,,NATIONAL,US TOTAL,,,,,,,,0,,CORN,"CORN, GRAIN - ACRES HARVESTED",TOTAL,NOT SPECIFIED,"72,644,000",
SURVEY,1996,YEAR,,NATIONAL,US TOTAL,,,,,,,,0,,CORN,"CORN, GRAIN - PRODUCTION, MEASURED IN BU",TOTAL,NOT SPECIFIED,"9,232,557,000",
SURVEY,1996,YEAR,,NATIONAL,US TOTAL,,,,,,,,0,,CORN,"CORN, GRAIN - YIELD, MEASURED IN BU / ACRE",TOTAL,NOT SPECIFIED,127.1,
SURVEY,1996,YEAR,,NATIONAL,US TOTAL,,,,,,,,0,,CORN,"CORN, SILAGE - ACRES HARVESTED",TOTAL,NOT SPECIFIED,"5,607,000",
SURVEY,1996,YEAR,,NATIONAL,US TOTAL,,,,,,,,0,,CORN,"CORN, SILAGE - PRODUCTION, MEASURED IN TONS",TOTAL,NOT SPECIFIED,"86,581,000",
SURVEY,1996,YEAR,,NATIONAL,US TOTAL,,,,,,,,0,,CORN,"CORN, SILAGE - YIELD, MEASURED IN TONS / ACRE",TOTAL,NOT SPECIFIED,15.4,
SURVEY,1995,YEAR,,NATIONAL,US TOTAL,,,,,,,,0,,CORN,CORN - ACRES PLANTED,TOTAL,NOT SPECIFIED,"71,479,000",
SURVEY,1995,YEAR,,NATIONAL,US TOTAL,,,,,,,,0,,CORN,"CORN, GRAIN - ACRES HARVESTED",TOTAL,NOT SPECIFIED,"65,210,000",
SURVEY,1995,YEAR,,NATIONAL,US TOTAL,,,,,,,,0,,CORN,"CORN, GRAIN - PRODUCTION, MEASURED IN BU",TOTAL,NOT SPECIFIED,"7,400,051,000",
SURVEY,1995,YEAR,,NATIONAL,US TOTAL,,,,,,,,0,,CORN,"CORN, GRAIN - YIELD, MEASURED IN BU / ACRE",TOTAL,NOT SPECIFIED,113.5,
SURVEY,1995,YEAR,,NATIONAL,US TOTAL,,,,,,,,0,,CORN,"CORN, SILAGE - ACRES HARVESTED",TOTAL,NOT SPECIFIED,"5,321,000",
SURVEY,1995,YEAR,,NATIONAL,US TOTAL,,,,,,,,0,,CORN,"CORN, SILAGE - PRODUCTION, MEASURED IN TONS",TOTAL,NOT SPECIFIED,"78,181,000",
SURVEY,1995,YEAR,,NATIONAL,US TOTAL,,,,,,,,0,,CORN,"CORN, SILAGE - YIELD, MEASURED IN TONS / ACRE",TOTAL,NOT SPECIFIED,14.7,
SURVEY,1994,YEAR,,NATIONAL,US TOTAL,,,,,,,,0,,CORN,CORN - ACRES PLANTED,TOTAL,NOT SPECIFIED,"78,921,000",
SURVEY,1994,YEAR,,NATIONAL,US TOTAL,,,,,,,,0,,CORN,"CORN, GRAIN - ACRES HARVESTED",TOTAL,NOT SPECIFIED,"72,514,000",
SURVEY,1994,YEAR,,NATIONAL,US TOTAL,,,,,,,,0,,CORN,"CORN, GRAIN - PRODUCTION, MEASURED IN BU",TOTAL,NOT SPECIFIED,"10,050,520,000",
SURVEY,1994,YEAR,,NATIONAL,US TOTAL,,,,,,,,0,,CORN,"CORN, GRAIN - YIELD, MEASURED IN BU / ACRE",TOTAL,NOT SPECIFIED,138.6,
SURVEY,1994,YEAR,,NATIONAL,US TOTAL,,,,,,,,0,,CORN,"CORN, SILAGE - ACRES HARVESTED",TOTAL,NOT SPECIFIED,"5,717,000",
SURVEY,1994,YEAR,,NATIONAL,US TOTAL,,,,,,,,0,,CORN,"CORN, SILAGE - PRODUCTION, MEASURED IN TONS",TOTAL,NOT SPECIFIED,"90,170,000",
SURVEY,1994,YEAR,,NATIONAL,US TOTAL,,,,,,,,0,,CORN,"CORN, SILAGE - YIELD, MEASURED IN TONS / ACRE",TOTAL,NOT SPECIFIED,15.8,
SURVEY,1993,YEAR,,NATIONAL,US TOTAL,,,,,,,,0,,CORN,CORN - ACRES PLANTED,TOTAL,NOT SPECIFIED,"73,239,000",
SURVEY,1993,YEAR,,NATIONAL,US TOTAL,,,,,,,,0,,CORN,"CORN, GRAIN - ACRES HARVESTED",TOTAL,NOT SPECIFIED,"62,933,000",
SURVEY,1993,YEAR,,NATIONAL,US TOTAL,,,,,,,,0,,CORN,"CORN, GRAIN - PRODUCTION, MEASURED IN BU",TOTAL,NOT SPECIFIED,"6,337,730,000",
SURVEY,1993,YEAR,,NATIONAL,US TOTAL,,,,,,,,0,,CORN,"CORN, GRAIN - YIELD, MEASURED IN BU / ACRE",TOTAL,NOT SPECIFIED,100.7,
SURVEY,1993,YEAR,,NATIONAL,US TOTAL,,,,,,,,0,,CORN,"CORN, SILAGE - ACRES HARVESTED",TOTAL,NOT SPECIFIED,"6,823,000",
SURVEY,1993,YEAR,,NATIONAL,US TOTAL,,,,,,,,0,,CORN,"CORN, SILAGE - PRODUCTION, MEASURED IN TONS",TOTAL,NOT SPECIFIED,"81,131,000",
SURVEY,1993,YEAR,,NATIONAL,US TOTAL,,,,,,,,0,,CORN,"CORN, SILAGE - YIELD, MEASURED IN TONS / ACRE",TOTAL,NOT SPECIFIED,11.9,
SURVEY,1992,YEAR,,NATIONAL,US TOTAL,,,,,,,,0,,CORN,CORN - ACRES PLANTED,TOTAL,NOT SPECIFIED,"79,311,000",
SURVEY,1992,YEAR,,NATIONAL,US TOTAL,,,,,,,,0,,CORN,"CORN, GRAIN - ACRES HARVESTED",TOTAL,NOT SPECIFIED,"72,077,000",
SURVEY,1992,YEAR,,NATIONAL,US TOTAL,,,,,,,,0,,CORN,"CORN, GRAIN - PRODUCTION, MEASURED IN BU",TOTAL,NOT SPECIFIED,"9,476,698,000",
SURVEY,1992,YEAR,,NATIONAL,US TOTAL,,,,,,,,0,,CORN,"CORN, GRAIN - YIELD, MEASURED IN BU / ACRE",TOTAL,NOT SPECIFIED,131.5,
SURVEY,1992,YEAR,,NATIONAL,US TOTAL,,,,,,,,0,,CORN,"CORN, SILAGE - ACRES HARVESTED",TOTAL,NOT SPECIFIED,"6,069,000",
SURVEY,1992,YEAR,,NATIONAL,US TOTAL,,,,,,,,0,,CORN,"CORN, SILAGE - PRODUCTION, MEASURED IN TONS",TOTAL,NOT SPECIFIED,"87,663,000",
SURVEY,1992,YEAR,,NATIONAL,US TOTAL,,,,,,,,0,,CORN,"CORN, SILAGE - YIELD, MEASURED IN TONS / ACRE",TOTAL,NOT SPECIFIED,14.4,
SURVEY,1991,YEAR,,NATIONAL,US TOTAL,,,,,,,,0,,CORN,CORN - ACRES PLANTED,TOTAL,NOT SPECIFIED,"75,957,000",
SURVEY,1991,YEAR,,NATIONAL,US TOTAL,,,,,,,,0,,CORN,"CORN, GRAIN - ACRES HARVESTED",TOTAL,NOT SPECIFIED,"68,822,000",
SURVEY,1991,YEAR,,NATIONAL,US TOTAL,,,,,,,,0,,CORN,"CORN, GRAIN - PRODUCTION, MEASURED IN BU",TOTAL,NOT SPECIFIED,"7,474,765,000",
SURVEY,1991,YEAR,,NATIONAL,US TOTAL,,,,,,,,0,,CORN,"CORN, GRAIN - YIELD, MEASURED IN BU / ACRE",TOTAL,NOT SPECIFIED,108.6,
SURVEY,1991,YEAR,,NATIONAL,US TOTAL,,,,,,,,0,,CORN,"CORN, SILAGE - ACRES HARVESTED",TOTAL,NOT SPECIFIED,"6,140,000",
SURVEY,1991,YEAR,,NATIONAL,US TOTAL,,,,,,,,0,,CORN,"CORN, SILAGE - PRODUCTION, MEASURED IN TONS",TOTAL,NOT SPECIFIED,"81,216,000",
SURVEY,1991,YEAR,,NATIONAL,US TOTAL,,,,,,,,0,,CORN,"CORN, SILAGE - YIELD, MEASURED IN TONS / ACRE",TOTAL,NOT SPECIFIED,13.2,
SURVEY,1990,YEAR,,NATIONAL,US TOTAL,,,,,,,,0,,CORN,CORN - ACRES PLANTED,TOTAL,NOT SPECIFIED,"74,166,000",
SURVEY,1990,YEAR,,NATIONAL,US TOTAL,,,,,,,,0,,CORN,"CORN, GRAIN - ACRES HARVESTED",TOTAL,NOT SPECIFIED,"66,952,000",
SURVEY,1990,YEAR,,NATIONAL,US TOTAL,,,,,,,,0,,CORN,"CORN, GRAIN - PRODUCTION, MEASURED IN BU",TOTAL,NOT SPECIFIED,"7,934,028,000",
SURVEY,1990,YEAR,,NATIONAL,US TOTAL,,,,,,,,0,,CORN,"CORN, GRAIN - YIELD, MEASURED IN BU / ACRE",TOTAL,NOT SPECIFIED,118.5,
SURVEY,1990,YEAR,,NATIONAL,US TOTAL,,,,,,,,0,,CORN,"CORN, SILAGE - ACRES HARVESTED",TOTAL,NOT SPECIFIED,"6,123,000",
SURVEY,1990,YEAR,,NATIONAL,US TOTAL,,,,,,,,0,,CORN,"CORN, SILAGE - PRODUCTION, MEASURED IN TONS",TOTAL,NOT SPECIFIED,"86,820,000",
SURVEY,1990,YEAR,,NATIONAL,US TOTAL,,,,,,,,0,,CORN,"CORN, SILAGE - YIELD, MEASURED IN TONS / ACRE",TOTAL,NOT SPECIFIED,14.2,
SURVEY,1989,YEAR,,NATIONAL,US TOTAL,,,,,,,,0,,CORN,CORN - ACRES PLANTED,TOTAL,NOT SPECIFIED,"72,322,000",
SURVEY,1989,YEAR,,NATIONAL,US TOTAL,,,,,,,,0,,CORN,"CORN, GRAIN - ACRES HARVESTED",TOTAL,NOT SPECIFIED,"64,783,000",
SURVEY,1989,YEAR,,NATIONAL,US TOTAL,,,,,,,,0,,CORN,"CORN, GRAIN - PRODUCTION, MEASURED IN BU",TOTAL,NOT SPECIFIED,"7,531,953,000",
SURVEY,1989,YEAR,,NATIONAL,US TOTAL,,,,,,,,0,,CORN,"CORN, GRAIN - YIELD, MEASURED IN BU / ACRE",TOTAL,NOT SPECIFIED,116.3,
SURVEY,1989,YEAR,,NATIONAL,US TOTAL,,,,,,,,0,,CORN,"CORN, SILAGE - ACRES HARVESTED",TOTAL,NOT SPECIFIED,"6,606,000",
SURVEY,1989,YEAR,,NATIONAL,US TOTAL,,,,,,,,0,,CORN,"CORN, SILAGE - PRODUCTION, MEASURED IN TONS",TOTAL,NOT SPECIFIED,"86,111,000",
SURVEY,1989,YEAR,,NATIONAL,US TOTAL,,,,,,,,0,,CORN,"CORN, SILAGE - YIELD, MEASURED IN TONS / ACRE",TOTAL,NOT SPECIFIED,13,
SURVEY,1988,YEAR,,NATIONAL,US TOTAL,,,,,,,,0,,CORN,CORN - ACRES PLANTED,TOTAL,NOT SPECIFIED,"67,717,000",
SURVEY,1988,YEAR,,NATIONAL,US TOTAL,,,,,,,,0,,CORN,"CORN, GRAIN - ACRES HARVESTED",TOTAL,NOT SPECIFIED,"58,250,000",
SURVEY,1988,YEAR,,NATIONAL,US TOTAL,,,,,,,,0,,CORN,"CORN, GRAIN - PRODUCTION, MEASURED IN BU",TOTAL,NOT SPECIFIED,"4,928,681,000",
SURVEY,1988,YEAR,,NATIONAL,US TOTAL,,,,,,,,0,,CORN,"CORN, GRAIN - YIELD, MEASURED IN BU / ACRE",TOTAL,NOT SPECIFIED,84.6,
SURVEY,1988,YEAR,,NATIONAL,US TOTAL,,,,,,,,0,,CORN,"CORN, SILAGE - ACRES HARVESTED",TOTAL,NOT SPECIFIED,"8,301,000",
SURVEY,1988,YEAR,,NATIONAL,US TOTAL,,,,,,,,0,,CORN,"CORN, SILAGE - PRODUCTION, MEASURED IN TONS",TOTAL,NOT SPECIFIED,"78,911,000",
SURVEY,1988,YEAR,,NATIONAL,US TOTAL,,,,,,,,0,,CORN,"CORN, SILAGE - YIELD, MEASURED IN TONS / ACRE",TOTAL,NOT SPECIFIED,9.5,
SURVEY,1987,YEAR,,NATIONAL,US TOTAL,,,,,,,,0,,CORN,CORN - ACRES PLANTED,TOTAL,NOT SPECIFIED,"66,200,000",
SURVEY,1987,YEAR,,NATIONAL,US TOTAL,,,,,,,,0,,CORN,"CORN, GRAIN - ACRES HARVESTED",TOTAL,NOT SPECIFIED,"59,505,000",
SURVEY,1987,YEAR,,NATIONAL,US TOTAL,,,,,,,,0,,CORN,"CORN, GRAIN - PRODUCTION, MEASURED IN BU",TOTAL,NOT SPECIFIED,"7,131,300,000",
SURVEY,1987,YEAR,,NATIONAL,US TOTAL,,,,,,,,0,,CORN,"CORN, GRAIN - YIELD, MEASURED IN BU / ACRE",TOTAL,NOT SPECIFIED,119.8,
SURVEY,1987,YEAR,,NATIONAL,US TOTAL,,,,,,,,0,,CORN,"CORN, SILAGE - ACRES HARVESTED",TOTAL,NOT SPECIFIED,"5,994,000",
SURVEY,1987,YEAR,,NATIONAL,US TOTAL,,,,,,,,0,,CORN,"CORN, SILAGE - PRODUCTION, MEASURED IN TONS",TOTAL,NOT SPECIFIED,"86,442,000",
SURVEY,1987,YEAR,,NATIONAL,US TOTAL,,,,,,,,0,,CORN,"CORN, SILAGE - YIELD, MEASURED IN TONS / ACRE",TOTAL,NOT SPECIFIED,14.4,
SURVEY,1986,YEAR,,NATIONAL,US TOTAL,,,,,,,,0,,CORN,CORN - ACRES PLANTED,TOTAL,NOT SPECIFIED,"76,580,000",
SURVEY,1986,YEAR,,NATIONAL,US TOTAL,,,,,,,,0,,CORN,"CORN, GRAIN - ACRES HARVESTED",TOTAL,NOT SPECIFIED,"68,907,000",
SURVEY,1986,YEAR,,NATIONAL,US TOTAL,,,,,,,,0,,CORN,"CORN, GRAIN - PRODUCTION, MEASURED IN BU",TOTAL,NOT SPECIFIED,"8,225,764,000",
SURVEY,1986,YEAR,,NATIONAL,US TOTAL,,,,,,,,0,,CORN,"CORN, GRAIN - YIELD, MEASURED IN BU / ACRE",TOTAL,NOT SPECIFIED,119.4,
SURVEY,1986,YEAR,,NATIONAL,US TOTAL,,,,,,,,0,,CORN,"CORN, SILAGE - ACRES HARVESTED",TOTAL,NOT SPECIFIED,"6,418,000",
SURVEY,1986,YEAR,,NATIONAL,US TOTAL,,,,,,,,0,,CORN,"CORN, SILAGE - PRODUCTION, MEASURED IN TONS",TOTAL,NOT SPECIFIED,"90,227,000",
SURVEY,1986,YEAR,,NATIONAL,US TOTAL,,,,,,,,0,,CORN,"CORN, SILAGE - YIELD, MEASURED IN TONS / ACRE",TOTAL,NOT SPECIFIED,14.1,
SURVEY,1985,YEAR,,NATIONAL,US TOTAL,,,,,,,,0,,CORN,CORN - ACRES PLANTED,TOTAL,NOT SPECIFIED,"83,398,000",
SURVEY,1985,YEAR,,NATIONAL,US TOTAL,,,,,,,,0,,CORN,"CORN, GRAIN - ACRES HARVESTED",TOTAL,NOT SPECIFIED,"75,209,000",
SURVEY,1985,YEAR,,NATIONAL,US TOTAL,,,,,,,,0,,CORN,"CORN, GRAIN - PRODUCTION, MEASURED IN BU",TOTAL,NOT SPECIFIED,"8,875,453,000",
SURVEY,1985,YEAR,,NATIONAL,US TOTAL,,,,,,,,0,,CORN,"CORN, GRAIN - YIELD, MEASURED IN BU / ACRE",TOTAL,NOT SPECIFIED,118,
SURVEY,1985,YEAR,,NATIONAL,US TOTAL,,,,,,,,0,,CORN,"CORN, SILAGE - ACRES HARVESTED",TOTAL,NOT SPECIFIED,"7,155,000",
SURVEY,1985,YEAR,,NATIONAL,US TOTAL,,,,,,,,0,,CORN,"CORN, SILAGE - PRODUCTION, MEASURED IN TONS",TOTAL,NOT SPECIFIED,"102,664,000",
SURVEY,1985,YEAR,,NATIONAL,US TOTAL,,,,,,,,0,,CORN,"CORN, SILAGE - YIELD, MEASURED IN TONS / ACRE",TOTAL,NOT SPECIFIED,14.3,
SURVEY,1984,YEAR,,NATIONAL,US TOTAL,,,,,,,,0,,CORN,CORN - ACRES PLANTED,TOTAL,NOT SPECIFIED,"80,517,000",
SURVEY,1984,YEAR,,NATIONAL,US TOTAL,,,,,,,,0,,CORN,"CORN, GRAIN - ACRES HARVESTED",TOTAL,NOT SPECIFIED,"71,897,000",
SURVEY,1984,YEAR,,NATIONAL,US TOTAL,,,,,,,,0,,CORN,"CORN, GRAIN - PRODUCTION, MEASURED IN BU",TOTAL,NOT SPECIFIED,"7,672,130,000",
SURVEY,1984,YEAR,,NATIONAL,US TOTAL,,,,,,,,0,,CORN,"CORN, GRAIN - YIELD, MEASURED IN BU / ACRE",TOTAL,NOT SPECIFIED,106.7,
SURVEY,1984,YEAR,,NATIONAL,US TOTAL,,,,,,,,0,,CORN,"CORN, SILAGE - ACRES HARVESTED",TOTAL,NOT SPECIFIED,"7,535,000",
SURVEY,1984,YEAR,,NATIONAL,US TOTAL,,,,,,,,0,,CORN,"CORN, SILAGE - PRODUCTION, MEASURED IN TONS",TOTAL,NOT SPECIFIED,"104,491,000",
SURVEY,1984,YEAR,,NATIONAL,US TOTAL,,,,,,,,0,,CORN,"CORN, SILAGE - YIELD, MEASURED IN TONS / ACRE",TOTAL,NOT SPECIFIED,13.9,
SURVEY,1983,YEAR,,NATIONAL,US TOTAL,,,,,,,,0,,CORN,CORN - ACRES PLANTED,TOTAL,NOT SPECIFIED,"60,207,000",
SURVEY,1983,YEAR,,NATIONAL,US TOTAL,,,,,,,,0,,CORN,"CORN, GRAIN - ACRES HARVESTED",TOTAL,NOT SPECIFIED,"51,479,000",
SURVEY,1983,YEAR,,NATIONAL,US TOTAL,,,,,,,,0,,CORN,"CORN, GRAIN - PRODUCTION, MEASURED IN BU",TOTAL,NOT SPECIFIED,"4,174,251,000",
SURVEY,1983,YEAR,,NATIONAL,US TOTAL,,,,,,,,0,,CORN,"CORN, GRAIN - YIELD, MEASURED IN BU / ACRE",TOTAL,NOT SPECIFIED,81.1,
SURVEY,1983,YEAR,,NATIONAL,US TOTAL,,,,,,,,0,,CORN,"CORN, SILAGE - ACRES HARVESTED",TOTAL,NOT SPECIFIED,"7,808,000",
SURVEY,1983,YEAR,,NATIONAL,US TOTAL,,,,,,,,0,,CORN,"CORN, SILAGE - PRODUCTION, MEASURED IN TONS",TOTAL,NOT SPECIFIED,"96,238,000",
SURVEY,1983,YEAR,,NATIONAL,US TOTAL,,,,,,,,0,,CORN,"CORN, SILAGE - YIELD, MEASURED IN TONS / ACRE",TOTAL,NOT SPECIFIED,12.3,
SURVEY,1982,YEAR,,NATIONAL,US TOTAL,,,,,,,,0,,CORN,CORN - ACRES PLANTED,TOTAL,NOT SPECIFIED,"81,857,000",
SURVEY,1982,YEAR,,NATIONAL,US TOTAL,,,,,,,,0,,CORN,"CORN, GRAIN - ACRES HARVESTED",TOTAL,NOT SPECIFIED,"72,719,000",
SURVEY,1982,YEAR,,NATIONAL,US TOTAL,,,,,,,,0,,CORN,"CORN, GRAIN - PRODUCTION, MEASURED IN BU",TOTAL,NOT SPECIFIED,"8,235,101,000",
SURVEY,1982,YEAR,,NATIONAL,US TOTAL,,,,,,,,0,,CORN,"CORN, GRAIN - YIELD, MEASURED IN BU / ACRE",TOTAL,NOT SPECIFIED,113.2,
SURVEY,1982,YEAR,,NATIONAL,US TOTAL,,,,,,,,0,,CORN,"CORN, SILAGE - ACRES HARVESTED",TOTAL,NOT SPECIFIED,"8,252,000",
SURVEY,1982,YEAR,,NATIONAL,US TOTAL,,,,,,,,0,,CORN,"CORN, SILAGE - PRODUCTION, MEASURED IN TONS",TOTAL,NOT SPECIFIED,"117,782,000",
SURVEY,1982,YEAR,,NATIONAL,US TOTAL,,,,,,,,0,,CORN,"CORN, SILAGE - YIELD, MEASURED IN TONS / ACRE",TOTAL,NOT SPECIFIED,14.3,
SURVEY,1981,YEAR,,NATIONAL,US TOTAL,,,,,,,,0,,CORN,CORN - ACRES PLANTED,TOTAL,NOT SPECIFIED,"84,097,000",
SURVEY,1981,YEAR,,NATIONAL,US TOTAL,,,,,,,,0,,CORN,"CORN, GRAIN - ACRES HARVESTED",TOTAL,NOT SPECIFIED,"74,524,000",
SURVEY,1981,YEAR,,NATIONAL,US TOTAL,,,,,,,,0,,CORN,"CORN, GRAIN - PRODUCTION, MEASURED IN BU",TOTAL,NOT SPECIFIED,"8,118,650,000",
SURVEY,1981,YEAR,,NATIONAL,US TOTAL,,,,,,,,0,,CORN,"CORN, GRAIN - YIELD, MEASURED IN BU / ACRE",TOTAL,NOT SPECIFIED,108.9,
SURVEY,1981,YEAR,,NATIONAL,US TOTAL,,,,,,,,0,,CORN,"CORN, SILAGE - ACRES HARVESTED",TOTAL,NOT SPECIFIED,"8,307,000",
SURVEY,1981,YEAR,,NATIONAL,US TOTAL,,,,,,,,0,,CORN,"CORN, SILAGE - PRODUCTION, MEASURED IN TONS",TOTAL,NOT SPECIFIED,"117,891,000",
SURVEY,1981,YEAR,,NATIONAL,US TOTAL,,,,,,,,0,,CORN,"CORN, SILAGE - YIELD, MEASURED IN TONS / ACRE",TOTAL,NOT SPECIFIED,14.2,
SURVEY,1980,YEAR,,NATIONAL,US TOTAL,,,,,,,,0,,CORN,CORN - ACRES PLANTED,TOTAL,NOT SPECIFIED,"84,043,000",
SURVEY,1980,YEAR,,NATIONAL,US TOTAL,,,,,,,,0,,CORN,"CORN, GRAIN - ACRES HARVESTED",TOTAL,NOT SPECIFIED,"72,961,000",
SURVEY,1980,YEAR,,NATIONAL,US TOTAL,,,,,,,,0,,CORN,"CORN, GRAIN - PRODUCTION, MEASURED IN BU",TOTAL,NOT SPECIFIED,"6,639,396,000",
SURVEY,1980,YEAR,,NATIONAL,US TOTAL,,,,,,,,0,,CORN,"CORN, GRAIN - YIELD, MEASURED IN BU / ACRE",TOTAL,NOT SPECIFIED,91,
SURVEY,1980,YEAR,,NATIONAL,US TOTAL,,,,,,,,0,,CORN,"CORN, SILAGE - ACRES HARVESTED",TOTAL,NOT SPECIFIED,"9,299,000",
SURVEY,1980,YEAR,,NATIONAL,US TOTAL,,,,,,,,0,,CORN,"CORN, SILAGE - PRODUCTION, MEASURED IN TONS",TOTAL,NOT SPECIFIED,"111,990,000",
SURVEY,1980,YEAR,,NATIONAL,US TOTAL,,,,,,,,0,,CORN,"CORN, SILAGE - YIELD, MEASURED IN TONS / ACRE",TOTAL,NOT SPECIFIED,12,
