Program,Year,Period,Week Ending,Geo Level,State,State ANSI,Ag District,Ag District Code,County,County ANSI,Zip Code,Region,watershed_code,Watershed,Commodity,Data Item,Domain,Domain Category,Value,CV (%)
SURVEY,2019,YEAR,,NATIONAL,US TOTAL,,,,,,,,0,,POTATOES,POTATOES - ACRES HARVESTED,TOTAL,NOT SPECIFIED,"959,600",
SURVEY,2019,YEAR,,NATIONAL,US TOTAL,,,,,,,,0,,POTATOES,POTATOES - ACRES PLANTED,TOTAL,NOT SPECIFIED,"967,500",
SURVEY,2018,YEAR,,NATIONAL,US TOTAL,,,,,,,,0,,POTATOES,POTATOES - ACRES HARVESTED,TOTAL,NOT SPECIFIED,"1,023,300",
SURVEY,2018,YEAR,,NATIONAL,US TOTAL,,,,,,,,0,,POTATOES,POTATOES - ACRES PLANTED,TOTAL,NOT SPECIFIED,"1,033,200",
SURVEY,2018,YEAR,,NATIONAL,US TOTAL,,,,,,,,0,,POTATOES,"POTATOES - PRODUCTION, MEASURED IN CWT",TOTAL,NOT SPECIFIED,"454,314,000",
SURVEY,2018,YEAR,,NATIONAL,US TOTAL,,,,,,,,0,,POTATOES,"POTATOES - YIELD, MEASURED IN CWT / ACRE",TOTAL,NOT SPECIFIED,444,
SURVEY,2017,YEAR,,NATIONAL,US TOTAL,,,,,,,,0,,POTATOES,POTATOES - ACRES HARVESTED,TOTAL,NOT SPECIFIED,"1,044,500",
SURVEY,2017,YEAR,,NATIONAL,US TOTAL,,,,,,,,0,,POTATOES,POTATOES - ACRES PLANTED,TOTAL,NOT SPECIFIED,"1,052,600",
SURVEY,2017,YEAR,,NATIONAL,US TOTAL,,,,,,,,0,,POTATOES,"POTATOES - PRODUCTION, MEASURED IN CWT",TOTAL,NOT SPECIFIED,"450,921,000",
SURVEY,2017,YEAR,,NATIONAL,US TOTAL,,,,,,,,0,,POTATOES,"POTATOES - YIELD, MEASURED IN CWT / ACRE",TOTAL,NOT SPECIFIED,432,
SURVEY,2016,YEAR,,NATIONAL,US TOTAL,,,,,,,,0,,POTATOES,POTATOES - ACRES HARVESTED,TOTAL,NOT SPECIFIED,"1,037,700",
SURVEY,2016,YEAR,,NATIONAL,US TOTAL,,,,,,,,0,,POTATOES,POTATOES - ACRES PLANTED,TOTAL,NOT SPECIFIED,"1,056,700",
SURVEY,2016,YEAR,,NATIONAL,US TOTAL,,,,,,,,0,,POTATOES,"POTATOES - PRODUCTION, MEASURED IN CWT",TOTAL,NOT SPECIFIED,"450,324,000",
SURVEY,2016,YEAR,,NATIONAL,US TOTAL,,,,,,,,0,,POTATOES,"POTATOES - YIELD, MEASURED IN CWT / ACRE",TOTAL,NOT SPECIFIED,434,
SURVEY,2015,YEAR,,NATIONAL,US TOTAL,,,,,,,,0,,POTATOES,POTATOES - ACRES HARVESTED,TOTAL,NOT SPECIFIED,"1,070,900",
SURVEY,2015,YEAR,,NATIONAL,US TOTAL,,,,,,,,0,,POTATOES,POTATOES - ACRES PLANTED,TOTAL,NOT SPECIFIED,"1,082,900",
SURVEY,2015,YEAR,,NATIONAL,US TOTAL,,,,,,,,0,,POTATOES,"POTATOES - PRODUCTION, MEASURED IN CWT",TOTAL,NOT SPECIFIED,"448,611,000",
SURVEY,2015,YEAR,,NATIONAL,US TOTAL,,,,,,,,0,,POTATOES,"POTATOES - YIELD, MEASURED IN CWT / ACRE",TOTAL,NOT SPECIFIED,419,
SURVEY,2014,YEAR,,NATIONAL,US TOTAL,,,,,,,,0,,POTATOES,POTATOES - ACRES HARVESTED,TOTAL,NOT SPECIFIED,"1,064,700",
SURVEY,2014,YEAR,,NATIONAL,US TOTAL,,,,,,,,0,,POTATOES,POTATOES - ACRES PLANTED,TOTAL,NOT SPECIFIED,"1,076,300",
SURVEY,2014,YEAR,,NATIONAL,US TOTAL,,,,,,,,0,,POTATOES,"POTATOES - PRODUCTION, MEASURED IN CWT",TOTAL,NOT SPECIFIED,"448,693,000",
SURVEY,2014,YEAR,,NATIONAL,US TOTAL,,,,,,,,0,,POTATOES,"POTATOES - YIELD, MEASURED IN CWT / ACRE",TOTAL,NOT SPECIFIED,421,
SURVEY,2013,YEAR,,NATIONAL,US TOTAL,,,,,,,,0,,POTATOES,POTATOES - ACRES HARVESTED,TOTAL,NOT SPECIFIED,"1,060,900",
SURVEY,2013,YEAR,,NATIONAL,US TOTAL,,,,,,,,0,,POTATOES,POTATOES - ACRES PLANTED,TOTAL,NOT SPECIFIED,"1,074,000",
SURVEY,2013,YEAR,,NATIONAL,US TOTAL,,,,,,,,0,,POTATOES,"POTATOES - PRODUCTION, MEASURED IN CWT",TOTAL,NOT SPECIFIED,"438,662,000",
SURVEY,2013,YEAR,,NATIONAL,US TOTAL,,,,,,,,0,,POTATOES,"POTATOES - YIELD, MEASURED IN CWT / ACRE",TOTAL,NOT SPECIFIED,413,
SURVEY,2012,YEAR,,NATIONAL,US TOTAL,,,,,,,,0,,POTATOES,POTATOES - ACRES HARVESTED,TOTAL,NOT SPECIFIED,"1,138,500",
SURVEY,2012,YEAR,,NATIONAL,US TOTAL,,,,,,,,0,,POTATOES,POTATOES - ACRES PLANTED,TOTAL,NOT SPECIFIED,"1,154,800",
SURVEY,2012,YEAR,,NATIONAL,US TOTAL,,,,,,,,0,,POTATOES,"POTATOES - PRODUCTION, MEASURED IN CWT",TOTAL,NOT SPECIFIED,"464,970,000",
SURVEY,2012,YEAR,,NATIONAL,US TOTAL,,,,,,,,0,,POTATOES,"POTATOES - YIELD, MEASURED IN CWT / ACRE",TOTAL,NOT SPECIFIED,408,
SURVEY,2011,YEAR,,NATIONAL,US TOTAL,,,,,,,,0,,POTATOES,POTATOES - ACRES HARVESTED,TOTAL,NOT SPECIFIED,"1,078,500",
SURVEY,2011,YEAR,,NATIONAL,US TOTAL,,,,,,,,0,,POTATOES,POTATOES - ACRES PLANTED,TOTAL,NOT SPECIFIED,"1,100,700",
SURVEY,2011,YEAR,,NATIONAL,US TOTAL,,,,,,,,0,,POTATOES,"POTATOES - PRODUCTION, MEASURED IN CWT",TOTAL,NOT SPECIFIED,"430,037,000",
SURVEY,2011,YEAR,,NATIONAL,US TOTAL,,,,,,,,0,,POTATOES,"POTATOES - YIELD, MEASURED IN CWT / ACRE",TOTAL,NOT SPECIFIED,399,
SURVEY,2010,YEAR,,NATIONAL,US TOTAL,,,,,,,,0,,POTATOES,POTATOES - ACRES HARVESTED,TOTAL,NOT SPECIFIED,"1,008,900",
SURVEY,2010,YEAR,,NATIONAL,US TOTAL,,,,,,,,0,,POTATOES,POTATOES - ACRES PLANTED,TOTAL,NOT SPECIFIED,"1,026,700",
SURVEY,2010,YEAR,,NATIONAL,US TOTAL,,,,,,,,0,,POTATOES,"POTATOES - PRODUCTION, MEASURED IN CWT",TOTAL,NOT SPECIFIED,"404,549,000",
SURVEY,2010,YEAR,,NATIONAL,US TOTAL,,,,,,,,0,,POTATOES,"POTATOES - YIELD, MEASURED IN CWT / ACRE",TOTAL,NOT SPECIFIED,401,
SURVEY,2009,YEAR,,NATIONAL,US TOTAL,,,,,,,,0,,POTATOES,POTATOES - ACRES HARVESTED,TOTAL,NOT SPECIFIED,"1,044,000",
SURVEY,2009,YEAR,,NATIONAL,US TOTAL,,,,,,,,0,,POTATOES,POTATOES - ACRES PLANTED,TOTAL,NOT SPECIFIED,"1,071,200",
SURVEY,2009,YEAR,,NATIONAL,US TOTAL,,,,,,,,0,,POTATOES,"POTATOES - PRODUCTION, MEASURED IN CWT",TOTAL,NOT SPECIFIED,"432,601,000",
SURVEY,2009,YEAR,,NATIONAL,US TOTAL,,,,,,,,0,,POTATOES,"POTATOES - YIELD, MEASURED IN CWT / ACRE",TOTAL,NOT SPECIFIED,414,
SURVEY,2008,YEAR,,NATIONAL,US TOTAL,,,,,,,,0,,POTATOES,POTATOES - ACRES HARVESTED,TOTAL,NOT SPECIFIED,"1,046,900",
SURVEY,2008,YEAR,,NATIONAL,US TOTAL,,,,,,,,0,,POTATOES,POTATOES - ACRES PLANTED,TOTAL,NOT SPECIFIED,"1,059,600",
SURVEY,2008,YEAR,,NATIONAL,US TOTAL,,,,,,,,0,,POTATOES,"POTATOES - PRODUCTION, MEASURED IN CWT",TOTAL,NOT SPECIFIED,"415,055,000",
SURVEY,2008,YEAR,,NATIONAL,US TOTAL,,,,,,,,0,,POTATOES,"POTATOES - YIELD, MEASURED IN CWT / ACRE",TOTAL,NOT SPECIFIED,396,
SURVEY,2007,YEAR,,NATIONAL,US TOTAL,,,,,,,,0,,POTATOES,POTATOES - ACRES HARVESTED,TOTAL,NOT SPECIFIED,"1,122,200",
SURVEY,2007,YEAR,,NATIONAL,US TOTAL,,,,,,,,0,,POTATOES,POTATOES - ACRES PLANTED,TOTAL,NOT SPECIFIED,"1,141,900",
SURVEY,2007,YEAR,,NATIONAL,US TOTAL,,,,,,,,0,,POTATOES,"POTATOES - PRODUCTION, MEASURED IN CWT",TOTAL,NOT SPECIFIED,"444,875,000",
SURVEY,2007,YEAR,,NATIONAL,US TOTAL,,,,,,,,0,,POTATOES,"POTATOES - YIELD, MEASURED IN CWT / ACRE",TOTAL,NOT SPECIFIED,396,
SURVEY,2006,YEAR,,NATIONAL,US TOTAL,,,,,,,,0,,POTATOES,POTATOES - ACRES HARVESTED,TOTAL,NOT SPECIFIED,"1,120,200",
SURVEY,2006,YEAR,,NATIONAL,US TOTAL,,,,,,,,0,,POTATOES,POTATOES - ACRES PLANTED,TOTAL,NOT SPECIFIED,"1,139,400",
SURVEY,2006,YEAR,,NATIONAL,US TOTAL,,,,,,,,0,,POTATOES,"POTATOES - PRODUCTION, MEASURED IN CWT",TOTAL,NOT SPECIFIED,"440,698,000",
SURVEY,2006,YEAR,,NATIONAL,US TOTAL,,,,,,,,0,,POTATOES,"POTATOES - YIELD, MEASURED IN CWT / ACRE",TOTAL,NOT SPECIFIED,393,
SURVEY,2005,YEAR,,NATIONAL,US TOTAL,,,,,,,,0,,POTATOES,POTATOES - ACRES HARVESTED,TOTAL,NOT SPECIFIED,"1,086,200",
SURVEY,2005,YEAR,,NATIONAL,US TOTAL,,,,,,,,0,,POTATOES,POTATOES - ACRES PLANTED,TOTAL,NOT SPECIFIED,"1,108,400",
SURVEY,2005,YEAR,,NATIONAL,US TOTAL,,,,,,,,0,,POTATOES,"POTATOES - PRODUCTION, MEASURED IN CWT",TOTAL,NOT SPECIFIED,"423,788,000",
SURVEY,2005,YEAR,,NATIONAL,US TOTAL,,,,,,,,0,,POTATOES,"POTATOES - YIELD, MEASURED IN CWT / ACRE",TOTAL,NOT SPECIFIED,390,
SURVEY,2004,YEAR,,NATIONAL,US TOTAL,,,,,,,,0,,POTATOES,POTATOES - ACRES HARVESTED,TOTAL,NOT SPECIFIED,"1,166,000",
SURVEY,2004,YEAR,,NATIONAL,US TOTAL,,,,,,,,0,,POTATOES,POTATOES - ACRES PLANTED,TOTAL,NOT SPECIFIED,"1,192,400",
SURVEY,2004,YEAR,,NATIONAL,US TOTAL,,,,,,,,0,,POTATOES,"POTATOES - PRODUCTION, MEASURED IN CWT",TOTAL,NOT SPECIFIED,"455,806,000",
SURVEY,2004,YEAR,,NATIONAL,US TOTAL,,,,,,,,0,,POTATOES,"POTATOES - YIELD, MEASURED IN CWT / ACRE",TOTAL,NOT SPECIFIED,391,
SURVEY,2003,YEAR,,NATIONAL,US TOTAL,,,,,,,,0,,POTATOES,POTATOES - ACRES HARVESTED,TOTAL,NOT SPECIFIED,"1,249,600",
SURVEY,2003,YEAR,,NATIONAL,US TOTAL,,,,,,,,0,,POTATOES,POTATOES - ACRES PLANTED,TOTAL,NOT SPECIFIED,"1,273,600",
SURVEY,2003,YEAR,,NATIONAL,US TOTAL,,,,,,,,0,,POTATOES,"POTATOES - PRODUCTION, MEASURED IN CWT",TOTAL,NOT SPECIFIED,"458,199,000",
SURVEY,2003,YEAR,,NATIONAL,US TOTAL,,,,,,,,0,,POTATOES,"POTATOES - YIELD, MEASURED IN CWT / ACRE",TOTAL,NOT SPECIFIED,367,
SURVEY,2002,YEAR,,NATIONAL,US TOTAL,,,,,,,,0,,POTATOES,POTATOES - ACRES HARVESTED,TOTAL,NOT SPECIFIED,"1,265,900",
SURVEY,2002,YEAR,,NATIONAL,US TOTAL,,,,,,,,0,,POTATOES,POTATOES - ACRES PLANTED,TOTAL,NOT SPECIFIED,"1,299,600",
SURVEY,2002,YEAR,,NATIONAL,US TOTAL,,,,,,,,0,,POTATOES,"POTATOES - PRODUCTION, MEASURED IN CWT",TOTAL,NOT SPECIFIED,"458,171,000",
SURVEY,2002,YEAR,,NATIONAL,US TOTAL,,,,,,,,0,,POTATOES,"POTATOES - YIELD, MEASURED IN CWT / ACRE",TOTAL,NOT SPECIFIED,362,
SURVEY,2001,YEAR,,NATIONAL,US TOTAL,,,,,,,,0,,POTATOES,POTATOES - ACRES HARVESTED,TOTAL,NOT SPECIFIED,"1,220,900",
SURVEY,2001,YEAR,,NATIONAL,US TOTAL,,,,,,,,0,,POTATOES,POTATOES - ACRES PLANTED,TOTAL,NOT SPECIFIED,"1,246,900",
SURVEY,2001,YEAR,,NATIONAL,US TOTAL,,,,,,,,0,,POTATOES,"POTATOES - PRODUCTION, MEASURED IN CWT",TOTAL,NOT SPECIFIED,"437,673,000",
SURVEY,2001,YEAR,,NATIONAL,US TOTAL,,,,,,,,0,,POTATOES,"POTATOES - YIELD, MEASURED IN CWT / ACRE",TOTAL,NOT SPECIFIED,358,
SURVEY,2000,YEAR,,NATIONAL,US TOTAL,,,,,,,,0,,POTATOES,POTATOES - ACRES HARVESTED,TOTAL,NOT SPECIFIED,"1,347,500",
SURVEY,2000,YEAR,,NATIONAL,US TOTAL,,,,,,,,0,,POTATOES,POTATOES - ACRES PLANTED,TOTAL,NOT SPECIFIED,"1,383,100",
SURVEY,2000,YEAR,,NATIONAL,US TOTAL,,,,,,,,0,,POTATOES,"POTATOES - PRODUCTION, MEASURED IN CWT",TOTAL,NOT SPECIFIED,"513,544,000",
SURVEY,2000,YEAR,,NATIONAL,US TOTAL,,,,,,,,0,,POTATOES,"POTATOES - YIELD, MEASURED IN CWT / ACRE",TOTAL,NOT SPECIFIED,381,
SURVEY,1999,YEAR,,NATIONAL,US TOTAL,,,,,,,,0,,POTATOES,POTATOES - ACRES HARVESTED,TOTAL,NOT SPECIFIED,"1,331,800",
SURVEY,1999,YEAR,,NATIONAL,US TOTAL,,,,,,,,0,,POTATOES,POTATOES - ACRES PLANTED,TOTAL,NOT SPECIFIED,"1,376,100",
SURVEY,1999,YEAR,,NATIONAL,US TOTAL,,,,,,,,0,,POTATOES,"POTATOES - PRODUCTION, MEASURED IN CWT",TOTAL,NOT SPECIFIED,"478,093,000",
SURVEY,1999,YEAR,,NATIONAL,US TOTAL,,,,,,,,0,,POTATOES,"POTATOES - YIELD, MEASURED IN CWT / ACRE",TOTAL,NOT SPECIFIED,359,
SURVEY,1998,YEAR,,NATIONAL,US TOTAL,,,,,,,,0,,POTATOES,POTATOES - ACRES HARVESTED,TOTAL,NOT SPECIFIED,"1,386,900",
SURVEY,1998,YEAR,,NATIONAL,US TOTAL,,,,,,,,0,,POTATOES,POTATOES - ACRES PLANTED,TOTAL,NOT SPECIFIED,"1,415,800",
SURVEY,1998,YEAR,,NATIONAL,US TOTAL,,,,,,,,0,,POTATOES,"POTATOES - PRODUCTION, MEASURED IN CWT",TOTAL,NOT SPECIFIED,"475,667,000",
SURVEY,1998,YEAR,,NATIONAL,US TOTAL,,,,,,,,0,,POTATOES,"POTATOES - YIELD, MEASURED IN CWT / ACRE",TOTAL,NOT SPECIFIED,343,
SURVEY,1997,YEAR,,NATIONAL,US TOTAL,,,,,,,,0,,POTATOES,POTATOES - ACRES HARVESTED,TOTAL,NOT SPECIFIED,"1,353,600",
SURVEY,1997,YEAR,,NATIONAL,US TOTAL,,,,,,,,0,,POTATOES,POTATOES - ACRES PLANTED,TOTAL,NOT SPECIFIED,"1,383,500",
SURVEY,1997,YEAR,,NATIONAL,US TOTAL,,,,,,,,0,,POTATOES,"POTATOES - PRODUCTION, MEASURED IN CWT",TOTAL,NOT SPECIFIED,"467,091,000",
SURVEY,1997,YEAR,,NATIONAL,US TOTAL,,,,,,,,0,,POTATOES,"POTATOES - YIELD, MEASURED IN CWT / ACRE",TOTAL,NOT SPECIFIED,345,
SURVEY,1996,YEAR,,NATIONAL,US TOTAL,,,,,,,,0,,POTATOES,POTATOES - ACRES HARVESTED,TOTAL,NOT SPECIFIED,"1,425,900",
SURVEY,1996,YEAR,,NATIONAL,US TOTAL,,,,,,,,0,,POTATOES,POTATOES - ACRES PLANTED,TOTAL,NOT SPECIFIED,"1,454,700",
SURVEY,1996,YEAR,,NATIONAL,US TOTAL,,,,,,,,0,,POTATOES,"POTATOES - PRODUCTION, MEASURED IN CWT",TOTAL,NOT SPECIFIED,"499,254,000",
SURVEY,1996,YEAR,,NATIONAL,US TOTAL,,,,,,,,0,,POTATOES,"POTATOES - YIELD, MEASURED IN CWT / ACRE",TOTAL,NOT SPECIFIED,350,
SURVEY,1995,YEAR,,NATIONAL,US TOTAL,,,,,,,,0,,POTATOES,POTATOES - ACRES HARVESTED,TOTAL,NOT SPECIFIED,"1,376,100",
SURVEY,1995,YEAR,,NATIONAL,US TOTAL,,,,,,,,0,,POTATOES,POTATOES - ACRES PLANTED,TOTAL,NOT SPECIFIED,"1,400,700",
SURVEY,1995,YEAR,,NATIONAL,US TOTAL,,,,,,,,0,,POTATOES,"POTATOES - PRODUCTION, MEASURED IN CWT",TOTAL,NOT SPECIFIED,"445,099,000",
SURVEY,1995,YEAR,,NATIONAL,US TOTAL,,,,,,,,0,,POTATOES,"POTATOES - YIELD, MEASURED IN CWT / ACRE",TOTAL,NOT SPECIFIED,323,
SURVEY,1994,YEAR,,NATIONAL,US TOTAL,,,,,,,,0,,POTATOES,POTATOES - ACRES HARVESTED,TOTAL,NOT SPECIFIED,"1,385,100",
SURVEY,1994,YEAR,,NATIONAL,US TOTAL,,,,,,,,0,,POTATOES,POTATOES - ACRES PLANTED,TOTAL,NOT SPECIFIED,"1,421,800",
SURVEY,1994,YEAR,,NATIONAL,US TOTAL,,,,,,,,0,,POTATOES,"POTATOES - PRODUCTION, MEASURED IN CWT",TOTAL,NOT SPECIFIED,"469,425,000",
SURVEY,1994,YEAR,,NATIONAL,US TOTAL,,,,,,,,0,,POTATOES,"POTATOES - YIELD, MEASURED IN CWT / ACRE",TOTAL,NOT SPECIFIED,339,
SURVEY,1993,YEAR,,NATIONAL,US TOTAL,,,,,,,,0,,POTATOES,POTATOES - ACRES HARVESTED,TOTAL,NOT SPECIFIED,"1,321,200",
SURVEY,1993,YEAR,,NATIONAL,US TOTAL,,,,,,,,0,,POTATOES,POTATOES - ACRES PLANTED,TOTAL,NOT SPECIFIED,"1,389,900",
SURVEY,1993,YEAR,,NATIONAL,US TOTAL,,,,,,,,0,,POTATOES,"POTATOES - PRODUCTION, MEASURED IN CWT",TOTAL,NOT SPECIFIED,"430,349,000",
SURVEY,1993,YEAR,,NATIONAL,US TOTAL,,,,,,,,0,,POTATOES,"POTATOES - YIELD, MEASURED IN CWT / ACRE",TOTAL,NOT SPECIFIED,326,
SURVEY,1992,YEAR,,NATIONAL,US TOTAL,,,,,,,,0,,POTATOES,POTATOES - ACRES HARVESTED,TOTAL,NOT SPECIFIED,"1,315,000",
SURVEY,1992,YEAR,,NATIONAL,US TOTAL,,,,,,,,0,,POTATOES,POTATOES - ACRES PLANTED,TOTAL,NOT SPECIFIED,"1,339,300",
SURVEY,1992,YEAR,,NATIONAL,US TOTAL,,,,,,,,0,,POTATOES,"POTATOES - PRODUCTION, MEASURED IN CWT",TOTAL,NOT SPECIFIED,"425,367,000",
SURVEY,1992,YEAR,,NATIONAL,US TOTAL,,,,,,,,0,,POTATOES,"POTATOES - YIELD, MEASURED IN CWT / ACRE",TOTAL,NOT SPECIFIED,323,
SURVEY,1991,YEAR,,NATIONAL,US TOTAL,,,,,,,,0,,POTATOES,POTATOES - ACRES HARVESTED,TOTAL,NOT SPECIFIED,"1,374,400",
SURVEY,1991,YEAR,,NATIONAL,US TOTAL,,,,,,,,0,,POTATOES,POTATOES - ACRES PLANTED,TOTAL,NOT SPECIFIED,"1,407,500",
SURVEY,1991,YEAR,,NATIONAL,US TOTAL,,,,,,,,0,,POTATOES,"POTATOES - PRODUCTION, MEASURED IN CWT",TOTAL,NOT SPECIFIED,"417,622,000",
SURVEY,1991,YEAR,,NATIONAL,US TOTAL,,,,,,,,0,,POTATOES,"POTATOES - YIELD, MEASURED IN CWT / ACRE",TOTAL,NOT SPECIFIED,304,
SURVEY,1990,YEAR,,NATIONAL,US TOTAL,,,,,,,,0,,POTATOES,POTATOES - ACRES HARVESTED,TOTAL,NOT SPECIFIED,"1,370,600",
SURVEY,1990,YEAR,,NATIONAL,US TOTAL,,,,,,,,0,,POTATOES,POTATOES - ACRES PLANTED,TOTAL,NOT SPECIFIED,"1,399,700",
SURVEY,1990,YEAR,,NATIONAL,US TOTAL,,,,,,,,0,,POTATOES,"POTATOES - PRODUCTION, MEASURED IN CWT",TOTAL,NOT SPECIFIED,"402,110,000",
SURVEY,1990,YEAR,,NATIONAL,US TOTAL,,,,,,,,0,,POTATOES,"POTATOES - YIELD, MEASURED IN CWT / ACRE",TOTAL,NOT SPECIFIED,293,
SURVEY,1989,YEAR,,NATIONAL,US TOTAL,,,,,,,,0,,POTATOES,POTATOES - ACRES HARVESTED,TOTAL,NOT SPECIFIED,"1,281,500",
SURVEY,1989,YEAR,,NATIONAL,US TOTAL,,,,,,,,0,,POTATOES,POTATOES - ACRES PLANTED,TOTAL,NOT SPECIFIED,"1,305,000",
SURVEY,1989,YEAR,,NATIONAL,US TOTAL,,,,,,,,0,,POTATOES,"POTATOES - PRODUCTION, MEASURED IN CWT",TOTAL,NOT SPECIFIED,"370,444,000",
SURVEY,1989,YEAR,,NATIONAL,US TOTAL,,,,,,,,0,,POTATOES,"POTATOES - YIELD, MEASURED IN CWT / ACRE",TOTAL,NOT SPECIFIED,289,
SURVEY,1988,YEAR,,NATIONAL,US TOTAL,,,,,,,,0,,POTATOES,POTATOES - ACRES HARVESTED,TOTAL,NOT SPECIFIED,"1,259,300",
SURVEY,1988,YEAR,,NATIONAL,US TOTAL,,,,,,,,0,,POTATOES,POTATOES - ACRES PLANTED,TOTAL,NOT SPECIFIED,"1,284,700",
SURVEY,1988,YEAR,,NATIONAL,US TOTAL,,,,,,,,0,,POTATOES,"POTATOES - PRODUCTION, MEASURED IN CWT",TOTAL,NOT SPECIFIED,"356,438,000",
SURVEY,1988,YEAR,,NATIONAL,US TOTAL,,,,,,,,0,,POTATOES,"POTATOES - YIELD, MEASURED IN CWT / ACRE",TOTAL,NOT SPECIFIED,283,
SURVEY,1987,YEAR,,NATIONAL,US TOTAL,,,,,,,,0,,POTATOES,POTATOES - ACRES HARVESTED,TOTAL,NOT SPECIFIED,"1,293,400",
SURVEY,1987,YEAR,,NATIONAL,US TOTAL,,,,,,,,0,,POTATOES,POTATOES - ACRES PLANTED,TOTAL,NOT SPECIFIED,"1,316,600",
SURVEY,1987,YEAR,,NATIONAL,US TOTAL,,,,,,,,0,,POTATOES,"POTATOES - PRODUCTION, MEASURED IN CWT",TOTAL,NOT SPECIFIED,"389,320,000",
SURVEY,1987,YEAR,,NATIONAL,US TOTAL,,,,,,,,0,,POTATOES,"POTATOES - YIELD, MEASURED IN CWT / ACRE",TOTAL,NOT SPECIFIED,301,
SURVEY,1986,YEAR,,NATIONAL,US TOTAL,,,,,,,,0,,POTATOES,POTATOES - ACRES HARVESTED,TOTAL,NOT SPECIFIED,"1,220,200",
SURVEY,1986,YEAR,,NATIONAL,US TOTAL,,,,,,,,0,,POTATOES,POTATOES - ACRES PLANTED,TOTAL,NOT SPECIFIED,"1,256,600",
SURVEY,1986,YEAR,,NATIONAL,US TOTAL,,,,,,,,0,,POTATOES,"POTATOES - PRODUCTION, MEASURED IN CWT",TOTAL,NOT SPECIFIED,"361,743,000",
SURVEY,1986,YEAR,,NATIONAL,US TOTAL,,,,,,,,0,,POTATOES,"POTATOES - YIELD, MEASURED IN CWT / ACRE",TOTAL,NOT SPECIFIED,296,
SURVEY,1985,YEAR,,NATIONAL,US TOTAL,,,,,,,,0,,POTATOES,POTATOES - ACRES HARVESTED,TOTAL,NOT SPECIFIED,"1,358,700",
SURVEY,1985,YEAR,,NATIONAL,US TOTAL,,,,,,,,0,,POTATOES,POTATOES - ACRES PLANTED,TOTAL,NOT SPECIFIED,"1,406,700",
SURVEY,1985,YEAR,,NATIONAL,US TOTAL,,,,,,,,0,,POTATOES,"POTATOES - PRODUCTION, MEASURED IN CWT",TOTAL,NOT SPECIFIED,"406,609,000",
SURVEY,1985,YEAR,,NATIONAL,US TOTAL,,,,,,,,0,,POTATOES,"POTATOES - YIELD, MEASURED IN CWT / ACRE",TOTAL,NOT SPECIFIED,299,
SURVEY,1984,YEAR,,NATIONAL,US TOTAL,,,,,,,,0,,POTATOES,POTATOES - ACRES HARVESTED,TOTAL,NOT SPECIFIED,"1,297,800",
SURVEY,1984,YEAR,,NATIONAL,US TOTAL,,,,,,,,0,,POTATOES,POTATOES - ACRES PLANTED,TOTAL,NOT SPECIFIED,"1,333,700",
SURVEY,1984,YEAR,,NATIONAL,US TOTAL,,,,,,,,0,,POTATOES,"POTATOES - PRODUCTION, MEASURED IN CWT",TOTAL,NOT SPECIFIED,"362,039,000",
SURVEY,1984,YEAR,,NATIONAL,US TOTAL,,,,,,,,0,,POTATOES,"POTATOES - YIELD, MEASURED IN CWT / ACRE",TOTAL,NOT SPECIFIED,279,
SURVEY,1983,YEAR,,NATIONAL,US TOTAL,,,,,,,,0,,POTATOES,POTATOES - ACRES HARVESTED,TOTAL,NOT SPECIFIED,"1,241,500",
SURVEY,1983,YEAR,,NATIONAL,US TOTAL,,,,,,,,0,,POTATOES,POTATOES - ACRES PLANTED,TOTAL,NOT SPECIFIED,"1,271,100",
SURVEY,1983,YEAR,,NATIONAL,US TOTAL,,,,,,,,0,,POTATOES,"POTATOES - PRODUCTION, MEASURED IN CWT",TOTAL,NOT SPECIFIED,"333,726,000",
SURVEY,1983,YEAR,,NATIONAL,US TOTAL,,,,,,,,0,,POTATOES,"POTATOES - YIELD, MEASURED IN CWT / ACRE",TOTAL,NOT SPECIFIED,269,
SURVEY,1982,YEAR,,NATIONAL,US TOTAL,,,,,,,,0,,POTATOES,POTATOES - ACRES HARVESTED,TOTAL,NOT SPECIFIED,"1,266,900",
SURVEY,1982,YEAR,,NATIONAL,US TOTAL,,,,,,,,0,,POTATOES,POTATOES - ACRES PLANTED,TOTAL,NOT SPECIFIED,"1,302,800",
SURVEY,1982,YEAR,,NATIONAL,US TOTAL,,,,,,,,0,,POTATOES,"POTATOES - PRODUCTION, MEASURED IN CWT",TOTAL,NOT SPECIFIED,"355,131,000",
SURVEY,1982,YEAR,,NATIONAL,US TOTAL,,,,,,,,0,,POTATOES,"POTATOES - YIELD, MEASURED IN CWT / ACRE",TOTAL,NOT SPECIFIED,280,
SURVEY,1981,YEAR,,NATIONAL,US TOTAL,,,,,,,,0,,POTATOES,POTATOES - ACRES HARVESTED,TOTAL,NOT SPECIFIED,"1,232,400",
SURVEY,1981,YEAR,,NATIONAL,US TOTAL,,,,,,,,0,,POTATOES,POTATOES - ACRES PLANTED,TOTAL,NOT SPECIFIED,"1,255,300",
SURVEY,1981,YEAR,,NATIONAL,US TOTAL,,,,,,,,0,,POTATOES,"POTATOES - PRODUCTION, MEASURED IN CWT",TOTAL,NOT SPECIFIED,"340,623,000",
SURVEY,1981,YEAR,,NATIONAL,US TOTAL,,,,,,,,0,,POTATOES,"POTATOES - YIELD, MEASURED IN CWT / ACRE",TOTAL,NOT SPECIFIED,276,
SURVEY,1980,YEAR,,NATIONAL,US TOTAL,,,,,,,,0,,POTATOES,POTATOES - ACRES HARVESTED,TOTAL,NOT SPECIFIED,"1,147,800",
SURVEY,1980,YEAR,,NATIONAL,US TOTAL,,,,,,,,0,,POTATOES,POTATOES - ACRES PLANTED,TOTAL,NOT SPECIFIED,"1,175,400",
SURVEY,1980,YEAR,,NATIONAL,US TOTAL,,,,,,,,0,,POTATOES,"POTATOES - PRODUCTION, MEASURED IN CWT",TOTAL,NOT SPECIFIED,"303,905,000",
SURVEY,1980,YEAR,,NATIONAL,US TOTAL,,,,,,,,0,,POTATOES,"POTATOES - YIELD, MEASURED IN CWT / ACRE",TOTAL,NOT SPECIFIED,265,
